feature_index,importance_score
0,0.08479522454732226
1,0.1522828935768944
2,0.03752934793130159
3,0.07039128135476377
4,0.046800855244150286
5,0.08637305083989079
6,0.05358912113303605
7,0.05901225945552093
8,0.19776821587517493
9,0.05344327788161397
10,0.06692035653576008
11,0.0814714610144384
12,0.04673941008833351
13,0.08094999112643805
14,0.13645957403776732
15,0.0854686807591965
16,0.08331093576579884
17,0.12270802156218244
18,0.26085368062367725
19,0.061901379631924706
20,0.05612302665555186
21,0.13090169444506972
22,0.05455708427582466
23,0.07417172797702254
24,0.11681211210884093
25,0.04508301955918809
26,0.09355725938490729
27,0.042285318059504806
28,0.05145447354503995
29,0.05891706632564197
30,0.053888620900237764
31,0.10722419300951934
32,0.037581376242013714
33,0.05674879122792299
34,0.05945565477285853
35,0.04235416286884061
36,0.08845899268465576
37,0.04043827362407732
38,0.17580337018992423
39,0.06118600506192795
40,0.0469131736016227
41,0.10067704576593063
42,0.17365718806134095
43,0.1029607585938103
44,0.046764603361184424
45,0.05649074866301925
46,0.05266068963139129
47,0.06537409527412442
48,0.06358177506405892
49,0.04933773019737987
50,0.0605246616708557
51,0.08358667327218437
52,0.0873195572550639
53,0.08229748205002096
54,0.07741124396325759
55,0.09113545088033198
56,0.10979418418425986
57,0.04231979948555721
58,0.0629810918524285
59,0.04293426835290928
60,0.1300846106838396
61,0.1771397439146909
62,0.07092463465092357
63,0.07093981202500227
64,0.2702729485257673
65,0.24852180958166964
66,0.07099319359833403
67,0.09255441436641777
68,0.05991832395570771
69,0.15862406519103137
70,0.058978410628767484
71,0.0463174419032021
72,0.061717206823235254
73,0.04873824866225456
74,0.17674763286858947
75,0.13632134252863132
76,0.17265498181312566
77,0.07230698369096145
78,0.10590635475658543
79,0.06524874294616663
80,0.07437523130268507
81,0.06032931482856693
82,0.07348153481648821
83,0.06104733733252276
84,0.11785516572072702
85,0.060174858244228434
86,0.0802538032013381
87,0.09999534291029553
88,0.039416653534845754
89,0.05951290509796195
90,0.054584006871914684
91,0.08153286841810037
92,0.06558787159892371
93,0.06040020223086645
94,0.06895995409747523
95,0.04956992917539644
96,0.1411639599746098
97,0.07204445401843183
98,0.05027999652705285
99,0.07173168141540985
100,0.05774086621182837
101,0.040238777985528676
102,0.06626026174133888
103,0.1264163198491807
104,0.09292155994072428
105,0.05528921625287039
106,0.07474592482056253
107,0.1024606705924537
108,0.04790311753682204
109,0.05007983328451913
110,0.06948277502162042
111,0.04067241783423415
112,0.08091557564523232
113,0.06647852585529848
114,0.06979187893133057
115,0.03949633248796119
116,0.05682676460853624
117,0.14393182749738323
118,0.03775895446621216
119,0.11483576245148837
120,0.06484762327444868
121,0.057434170782502014
122,0.04362446143368671
123,0.04639273478541407
124,0.03956327277589571
125,0.05516170187424981
126,0.16565439505516227
127,0.17025866627252434
128,0.1191121385124239
129,0.19910616611014026
130,0.19663727105381026
131,0.05668669180542989
132,0.058975196246427004
133,0.13384188997937005
134,0.10627396239587511
135,0.07069309207225867
136,0.056270169431089166
137,0.06455409460631654
138,0.04190167567028991
139,0.04694649928680526
140,0.04852385710218722
141,0.061308795548671996
142,0.04985673898624448
143,0.10420191855937738
144,0.040866489085151864
145,0.11583213421795961
146,0.1125983901235339
147,0.1149453064998935
148,0.03679621993075058
149,0.2317755400465536
150,0.07446742660101835
151,0.14028984282293516
152,0.04955451802720518
153,0.06438104713880466
154,0.039611576148764246
155,0.1341262398749636
156,0.06886395298950715
157,0.09676215293028224
158,0.0579395325296046
159,0.09926027992330277
160,0.07235461328548254
161,0.06467515162137304
162,0.07783034807360063
163,0.11434486889699337
164,0.050484066324350776
165,0.09581600944417488
166,0.14464513742399626
167,0.17376620949704477
168,0.15557824013943206
169,0.06321541393493899
170,0.08166972206722578
171,0.03787734414887133
172,0.05897458023233929
173,0.08261836969034399
174,0.2073342067396534
175,0.18245814834450616
176,0.05396332376711831
177,0.12720067353911632
178,0.07238845094817672
179,0.086043131916488
180,0.0424422311086617
181,0.09543119413798569
182,0.06978278859619809
183,0.07152027535359114
184,0.035575003031996094
185,0.20099604226943776
186,0.07575683139178467
187,0.1237071144351438
188,0.058844163646114514
189,0.04993628019477732
190,0.06597011264913144
191,0.05326122533878859
192,0.043008429178306426
193,0.06575395116978416
194,0.06327279079343436
195,0.09490724192311761
196,0.268905627072338
197,0.05238391416248008
198,0.1339493992562742
199,0.0833555296179046
200,0.058463829081652444
201,0.25196542549003875
202,0.11432454871207992
203,0.04034962411391964
204,0.04350995210634589
205,0.12234283185472618
206,0.10135163643995107
207,0.07927696437331447
208,0.08647958148831379
209,0.14719713912844748
210,0.07445458115982515
211,0.06422666187843314
212,0.1754484102645282
213,0.15131546716653063
214,0.08879563123909544
215,0.06506014619315921
216,0.07713931040867275
217,0.06555184919730837
218,0.04381017857911252
219,0.17180923232254464
220,0.09662618288914221
221,0.28197384075666787
222,0.124522722672491
223,0.04290738126620402
224,0.08309663714127465
225,0.08451617301494478
226,0.06106300929164586
227,0.059485858637675686
228,0.08355207864748321
229,0.0626355456073045
230,0.14618019614451036
231,0.07514947340329194
232,0.16949925173603234
233,0.15094887868404852
234,0.0929298270390808
235,0.0712638370740096
236,0.15450503371908378
237,0.04335042569393387
238,0.045927077784266225
239,0.07284585951443195
240,0.07764038539178969
241,0.03568400138323492
242,0.050037793844895866
243,0.05049348333348641
244,0.05255354862177742
245,0.056269826663431374
246,0.15009078385955546
247,0.24489484521516808
248,0.08007485206712055
249,0.059019533414127155
250,0.05297394654232341
251,0.03695925178065751
252,0.06185605113781196
253,0.07814658475173196
254,0.19676915236562653
255,0.06273034050784884
256,0.0563289221957887
257,0.06307260566524459
258,0.09452328351992227
259,0.0777594324573575
260,0.08066463847331662
261,0.2067230829203583
262,0.0700384329037353
263,0.08420114386584152
264,0.07605657022071982
265,0.04701690505410546
266,0.06964157105798528
267,0.1080404015887771
268,0.08587130397625434
269,0.05728088838800682
270,0.05900953383645349
271,0.10380641713568112
272,0.049744286433717914
273,0.05080899261445628
274,0.05082392683011162
275,0.20130240765472524
276,0.14685759223163547
277,0.10746126282289002
278,0.074039166780315
279,0.08345794149502875
280,0.14538037508793436
281,0.13349971040370123
282,0.045557321916188165
283,0.08099310635871182
284,0.041646645553489535
285,0.05659420168426558
286,0.06892347862028313
287,0.08455748547674362
288,0.04500538629964043
289,0.07176953495909286
290,0.061223289323064645
291,0.047462584153561554
292,0.05940719005245268
293,0.05304567912325966
294,0.13494881429018732
295,0.11910719538736105
296,0.09259135389492947
297,0.05066305999205623
298,0.2356836207071825
299,0.05828254851280534
300,0.04730034579398725
301,0.10099308821345043
302,0.04274909500119053
303,0.03448745932495226
304,0.04016912268613791
305,0.15391044611019852
306,0.06148222720125095
307,0.062346338802259725
308,0.0767594470484129
309,0.12329938104632071
310,0.0600247973150816
311,0.04582984862405572
312,0.057866460412826774
313,0.07829584072520941
314,0.1095366271660456
315,0.04464592547068405
316,0.2265358612249274
317,0.07197886331908218
318,0.0772670378365021
319,0.054081820858455615
320,0.14098614108603696
321,0.058921367915737446
322,0.08164619934083223
323,0.11215482369147838
324,0.06449333209148175
325,0.041722410941715346
326,0.04105125685300934
327,0.046662523252088924
328,0.05829016561721852
329,0.04786504118396365
330,0.057064325332039235
331,0.0665805557594456
332,0.07612743778774306
333,0.04243080219014783
334,0.07186545346189456
335,0.14158742006066444
336,0.039769710931843165
337,0.16482670503735516
338,0.08443495278194862
339,0.048512392719076924
340,0.08974792972570639
341,0.06997422390702011
342,0.08578321911675488
343,0.06084602500168984
344,0.19473650550455215
345,0.04518316419917231
346,0.12945945857843955
347,0.12039425832685456
348,0.09906570263658089
349,0.14339451890785984
350,0.11469008870342526
351,0.06846717405578001
352,0.05347917001591798
353,0.07271025862793355
354,0.05986908446266031
355,0.08852144227583054
356,0.05136695459405822
357,0.10392782517120912
358,0.09996791116643199
359,0.058229927403007996
360,0.0451483430287883
361,0.1035833766482391
362,0.08490010791559886
363,0.053178508115293635
364,0.050674851696441335
365,0.051641873907464594
366,0.08676934475433039
367,0.06763885072797104
368,0.04384564531473861
369,0.10570940032189152
370,0.09028124507451399
371,0.13352592876651567
372,0.0631547427199358
373,0.053883511135619615
374,0.09508917286096459
375,0.18644951269182938
376,0.04898889206937297
377,0.08061483484687108
378,0.05495042685945994
379,0.04726977033094373
380,0.0970644688618788
381,0.06482897954207213
382,0.10645885996531956
383,0.037301477306443634
384,0.04250657708747624
385,0.16463320129201175
386,0.0441188963964343
387,0.08314639668378306
388,0.19702376648761064
389,0.05543302883939737
390,0.06478585913472729
391,0.1049301913143571
392,0.060657130194222426
393,0.0680590320275427
394,0.12061378296685518
395,0.07173733346524751
396,0.07884566212776306
397,0.12365815517025382
398,0.10304669044507418
399,0.16673531867671978
400,0.12710262446746518
401,0.12919238228326976
402,0.13514294497220403
403,0.03700583771830101
404,0.06775088794642685
405,0.05724229103786775
406,0.1085093376205248
407,0.09274545950420435
408,0.04987975574803177
409,0.06350942850741598
410,0.06561254910591664
411,0.0697398851537199
412,0.11939697632283308
413,0.09514459639436143
414,0.22332773490202606
415,0.19989926766723665
416,0.1669181814239897
417,0.04424500496347093
418,0.05740608074618593
419,0.1770227724893569
420,0.1077910900537604
421,0.07052233443093384
422,0.06690171091346014
423,0.11370754446452222
424,0.04479349910816316
425,0.07931626495519148
426,0.06148520232567203
427,0.05618080213456822
428,0.08119512084758339
429,0.06656553957715965
430,0.03587053111620507
431,0.06455094149920727
432,0.09739703176510606
433,0.06853204397456039
434,0.07919650317850432
435,0.06730252529243809
436,0.04147964965773933
437,0.09333562187545816
438,0.0841066964741939
439,0.06342863957439299
440,0.06088769934037853
441,0.04879073933566027
442,0.04540109054500307
443,0.08594527875685766
444,0.05224145628068199
445,0.03700896373429461
446,0.11334533016162593
447,0.05990141145880027
448,0.12738028502761592
449,0.1727935029964811
450,0.05513334729707605
451,0.20581108650994065
452,0.04423896186595668
453,0.05005114361780032
454,0.039595997984149645
455,0.14874979530257038
456,0.06486083918236303
457,0.05080381601892944
458,0.04848145742390344
459,0.12229845230415802
460,0.09402149600281773
461,0.15687760321327687
462,0.13127667588962488
463,0.07064087048964711
464,0.035754967088977484
465,0.03494036741270064
466,0.05947265081260222
467,0.11712591146841334
468,0.0775985398414873
469,0.08676206365218303
470,0.1358665648177659
471,0.0997984842111668
472,0.03501640171856146
473,0.040914996740542824
474,0.0478752874522383
475,0.07935323593377085
476,0.18631204362185094
477,0.05561135522438186
478,0.05520910328819718
479,0.18490667924279625
480,0.06529433439438323
481,0.07876808006729061
482,0.05579344637106729
483,0.06057909287408884
484,0.037431203807143765
485,0.0685608270313841
486,0.12386300217981143
487,0.11915874625708182
488,0.09886980536638032
489,0.050249351191435615
490,0.07249111866807346
491,0.08130889406396372
492,0.2921038504139683
493,0.4766249806627908
494,0.08447611670170196
495,0.12743026827666742
496,0.15230772874868403
497,0.05591345021335841
498,0.038365656287271656
499,0.05581532418746383
500,0.06379336698467103
501,0.041027951105831746
502,0.04960100497109037
503,0.05661118401745966
504,0.11002119484838113
505,0.07085711137787887
506,0.04519692857847378
507,0.07829451625936158
508,0.2306240400005047
509,0.043490014781944794
510,0.14224850574992084
511,0.04742274984571563
512,0.21719010889510204
513,0.05906443550097455
514,0.056990612209285384
515,0.12391791801675844
516,0.15867537364249928
517,0.058543174423131485
518,0.13559097704937167
519,0.057329452641320666
520,0.1260056355450902
521,0.04426348833220059
522,0.07072494571813873
523,0.060386199839868974
524,0.10336969744847775
525,0.05836814087069883
526,0.052240861994137515
527,0.17045535614511614
528,0.06016110844253893
529,0.04104481112325778
530,0.051209295131145374
531,0.0968093876772611
532,0.09429633995346744
533,0.10971387352167329
534,0.05889837836017483
535,0.1982922722293236
536,0.057360385240713026
537,0.15290491128834935
538,0.059507787061643856
539,0.060227117023124395
540,0.03434394718108343
541,0.05601575863941196
542,0.04745466384345833
543,0.05111590526452028
544,0.051660275888705406
545,0.11208794954139958
546,0.041074588061044456
547,0.04733454253035983
548,0.052322793850346584
549,0.0640694281970301
550,0.2021919933572369
551,0.06800446198354201
552,0.04089000085784644
553,0.06100693383823709
554,0.05453362646162985
555,0.06131370210766182
556,0.18587012749857254
557,0.04165204049169251
558,0.05399527827165926
559,0.10010813276878994
560,0.0971391814938764
561,0.05546177688494119
562,0.05877647165646781
563,0.25464295285274463
564,0.06635758332732268
565,0.06350196970806349
566,0.04703455036097567
567,0.06037990960460222
568,0.05940879880230707
569,0.11870531971085653
570,0.12002281238090733
571,0.13396775244059494
572,0.03303878902644078
573,0.06356667949931072
574,0.05645620479550398
575,0.03425517003414289
576,0.06133839461499015
577,0.046998047361361914
578,0.05939214323477424
579,0.05968025165200598
580,0.0677626853322101
581,0.13815914115727493
582,0.06809992947082502
583,0.14955774485433515
584,0.12272025225154402
585,0.1348319407629732
586,0.06419831134915914
587,0.06047849316317061
588,0.039121506633307
589,0.04424841988565482
590,0.03196214856073822
591,0.05266331807570533
592,0.03564829765077476
593,0.09528412013688901
594,0.038295301165862175
595,0.06254672097988496
596,0.12660714152450084
597,0.07985815068816508
598,0.04287902854836665
599,0.05831193349697339
600,0.09284139298604273
601,0.07060646154517003
602,0.038852316095650555
603,0.054539402424158424
604,0.16642905590482465
605,0.032177622925041116
606,0.060144453029183906
607,0.03749034661285076
608,0.058647003617002175
609,0.07225937875176557
610,0.03397776179274327
611,0.07284896759762172
612,0.04869879603836324
613,0.05024786580135426
614,0.05642727366333481
615,0.04299397591073803
616,0.08525429041935156
617,0.10416326581395254
618,0.06468581238693515
619,0.04719247417572697
620,0.06625482517102868
621,0.04538361981891044
622,0.10292934649130825
623,0.2196643418638987
624,0.07627864377133318
625,0.034759792143276444
626,0.05632591520468206
627,0.09600168016923395
628,0.0668625443058911
629,0.06023189671975753
630,0.08481010509379554
631,0.18293830937999703
632,0.09344642914536266
633,0.11144336292155207
634,0.053959991945541845
635,0.175440332647634
636,0.14518808624816928
637,0.17035772180729716
638,0.10726647332077928
639,0.05046314597725129
640,0.11007735478417527
641,0.035476962978462694
642,0.07232793243628163
643,0.23184009623337207
644,0.15877116909789318
645,0.10703506779998397
646,0.09728291340483923
647,0.10537108183942295
648,0.0530010726033483
649,0.07022339689323245
650,0.06594616795751218
651,0.05334546964981469
652,0.16572781110607954
653,0.040359776326213195
654,0.25288139452208713
655,0.05196126854814815
656,0.07886841032925601
657,0.033524375687588516
658,0.08536683959528697
659,0.07219269243632369
660,0.0745721155331284
661,0.2370476995582711
662,0.3736620414177806
663,0.0753373528437481
664,0.048629022939278614
665,0.048661899959737485
666,0.1735292573463915
667,0.05643436701164183
668,0.042562407184753646
669,0.08632501566797493
670,0.1751231649361227
671,0.14232983106476946
672,0.0910243952463255
673,0.056811973466679655
674,0.041135404323380295
675,0.06148027498186343
676,0.14740355162045968
677,0.045811032962530016
678,0.03471132351569834
679,0.05747017514602316
680,0.046052608645029684
681,0.05698631385400666
682,0.09986572676386345
683,0.08695869118635652
684,0.046397101846354004
685,0.11343087654673847
686,0.07558654280927186
687,0.07235493307572635
688,0.1512575473290961
689,0.058928767865045605
690,0.05731400805648041
691,0.11802019953342767
692,0.09740251039914619
693,0.16101005552727812
694,0.05027262070025575
695,0.04864132798240522
696,0.11533714052386314
697,0.09796368109096112
698,0.058336212602959556
699,0.1379058637814172
700,0.04613406602132847
701,0.07498880263289141
702,0.060569595843891495
703,0.14964597819287212
704,0.04731223465829369
705,0.0784053124226725
706,0.11175619527130143
707,0.07625785617285794
708,0.09743804837949195
709,0.09422241778769984
710,0.06403800332885481
711,0.05587299602543033
712,0.076974611490088
713,0.05571293764940534
714,0.14704742220650854
715,0.08344047383029589
716,0.05994658681304421
717,0.1478511848449408
718,0.24778148191288657
719,0.06727771629439784
720,0.05112298659123186
721,0.04235553861689923
722,0.05466069888180757
723,0.06009093350375771
724,0.07655523821152511
725,0.03872082284392508
726,0.12050597827127957
727,0.08493057570401054
728,0.08157629435366845
729,0.08526098126126361
730,0.03853402365179766
731,0.05847643769283239
732,0.1950626051310678
733,0.10657654939617858
734,0.17945366166516658
735,0.20334058849948775
736,0.04563948359492488
737,0.10822435282837373
738,0.0570004195829885
739,0.20642313003791432
740,0.04576161447110781
741,0.07641856682887901
742,0.041369250810048726
743,0.039437962146705266
744,0.061300997775757836
745,0.052201214990118046
746,0.0536608106934827
747,0.06179275470036279
748,0.06891021788576927
749,0.09397132245007535
750,0.06725600093837895
751,0.49805957069066514
752,0.08802456890927446
753,0.09262986454329616
754,0.09880263064928738
755,0.04288410973619988
756,0.1368878116267686
757,0.07108852490234206
758,0.15157379219397418
759,0.08694305053970983
760,0.13699293722044245
761,0.17515598176014746
762,0.1303661385818226
763,0.040531107532090487
764,0.07322025459175888
765,0.05853924113744881
766,0.10653582260760522
767,0.10900946739542883
768,0.1128890961077979
769,0.06015620709995548
770,0.149277581569602
771,0.04144861868404016
772,0.0672454103824149
773,0.10867235170682034
774,0.06183145642454273
775,0.04959986233987702
776,0.057189038656918864
777,0.07996577346558804
778,0.08258967411175021
779,0.04619207009089927
780,0.04841895864448566
781,0.20965410641466575
782,0.03763923173994317
783,0.11177407126736341
784,0.037377818500501946
785,0.05225484695875341
786,0.05749004321376509
787,0.08736038323211855
788,0.09297907638874807
789,0.06639839900323691
790,0.16918783778159088
791,0.04944495189557051
792,0.07001480195898478
793,0.07340241895736972
794,0.17411976192301626
795,0.08890350531619688
796,0.09209510262542374
797,0.3388996023867536
798,0.055421473276828906
799,0.05080080683694835
800,0.07541445122383206
801,0.04509855318775912
802,0.047781200832891293
803,0.05412938169066633
804,0.08499979021799664
805,0.039315687516602076
806,0.06670992498322076
807,0.04651370527616494
808,0.054936543236203776
809,0.033718726752951615
810,0.08875594861676679
811,0.0641616930389388
812,0.07623191048587118
813,0.07648459608162274
814,0.1589633072249365
815,0.11828176698951515
816,0.06982972624014233
817,0.052281257626730145
818,0.10334761717839187
819,0.08748792786556582
820,0.0592978540725798
821,0.18071374408840218
822,0.07686850288312652
823,0.05173450482684496
824,0.06927002551661839
825,0.039431567964452977
826,0.13579270717133166
827,0.05168156436753182
828,0.06681575111481372
829,0.1496236385925926
830,0.1134885406053643
831,0.04263418940112901
832,0.05424683545570964
833,0.05974050808793498
834,0.07244524043226855
835,0.049227369163613865
836,0.04952575376434393
837,0.12850132750637083
838,0.1463710864633722
839,0.0429999335013504
840,0.056430518403847656
841,0.06031204225018249
842,0.04567457189617037
843,0.0721347426180474
844,0.07228507440842993
845,0.054575772453154855
846,0.06304989216045376
847,0.12398394716329
848,0.07991125007595534
849,0.044221982752536276
850,0.07840389655016114
851,0.1314411676092783
852,0.05559120239018651
853,0.06694339649065
854,0.07443069733146158
855,0.07930478854099446
856,0.05720928735283598
857,0.07123404756951687
858,0.0973227521860841
859,0.04330518659674612
860,0.10679737381979566
861,0.11833059705307129
862,0.04653562330466793
863,0.1563313957436927
864,0.2031926524060579
865,0.03304193046199479
866,0.0958828880887341
867,0.059554680741298285
868,0.06492538592897842
869,0.26944735677461934
870,0.05575496865605754
871,0.05309708909726187
872,0.04804602782147186
873,0.05022496880315926
874,0.0556926840569743
875,0.06803637713211787
876,0.07298907282201308
877,0.09030606966071074
878,0.23436812555685949
879,0.043927249538324824
880,0.05752027146179625
881,0.03981506007894822
882,0.1007224007878578
883,0.07018076168233736
884,0.04346635528187684
885,0.04483451705603328
886,0.037059314275987375
887,0.042316363824217655
888,0.19542752443445616
889,0.14639400189817794
890,0.11293026561992799
891,0.0964466451579835
892,0.06757718157815434
893,0.04890639088788132
894,0.04163180178853737
895,0.1287738147012865
896,0.09819003630873188
897,0.0685070054023667
898,0.0562715016144223
899,0.03706837839481631
900,0.06518820749058836
901,0.04425882789015863
902,0.11596385490396828
903,0.1273129368104157
904,0.09850611425457734
905,0.059458206103903
906,0.03901789734040021
907,0.03689643404397263
908,0.048508836667701366
909,0.08102640542621149
910,0.04953075658063284
911,0.1339025587661218
912,0.04875938624456131
913,0.09575254175811972
914,0.062271944419589824
915,0.04411622048633252
916,0.03781598469512413
917,0.03543609230792058
918,0.2051214594500637
919,0.06296257709578379
920,0.07858616748676038
921,0.11796081438491124
922,0.07686752685535797
923,0.054767519098493464
924,0.07684630442399802
925,0.06637525111669723
926,0.06096232051440871
927,0.04365104978830045
928,0.07642335552731652
929,0.055154897997453066
930,0.1377604087254879
931,0.1827976008225093
932,0.056564409577973526
933,0.1387074482961736
934,0.04105996805664533
935,0.06488830431165456
936,0.05617328413098712
937,0.05112139736683262
938,0.17925710777822856
939,0.05109712091310357
940,0.04045321297820564
941,0.05955282734932326
942,0.04565055243726405
943,0.054817539765183186
944,0.04241607372024487
945,0.1027151325301527
946,0.043865551250031394
947,0.03880020301924273
948,0.07124500058557043
949,0.08710077051834729
950,0.055050712979192847
951,0.129272520166124
952,0.046244542115612325
953,0.043244493509540356
954,0.18035763646485575
955,0.0406104997016101
956,0.07340418308386391
957,0.060408078169286436
958,0.07224333288186065
959,0.044557661870589974
960,0.08756365233821391
961,0.18222689745714954
962,0.07553914835941081
963,0.06542289522189566
964,0.1128502617396015
965,0.04689019986202222
966,0.04699404294503218
967,0.03419860186000073
968,0.18545920761331033
969,0.12899489643034476
970,0.07012547631865201
971,0.28805892726951826
972,0.061946252283106656
973,0.051176810035126356
974,0.038679961517100306
975,0.06935238416814044
976,0.03776194890530565
977,0.11369182151403802
978,0.07071931156818873
979,0.05330888550024667
980,0.059094515639443866
981,0.06832657601626073
982,0.1913506449589138
983,0.1139123217493373
984,0.04202350998053597
985,0.04999797592932255
986,0.0481331800460916
987,0.07710477362174606
988,0.04801669562518313
989,0.07693848816851726
990,0.04321344354939511
991,0.10738681346527584
992,0.04689080415628558
993,0.1143914581454286
994,0.056310215940116884
995,0.0591490532940491
996,0.043514506539568294
997,0.07718356030251343
998,0.052349016384107785
999,0.052714312153058336
1000,0.06839352637547651
1001,0.037654034054968616
1002,0.04345674239031003
1003,0.07281486978043625
1004,0.053424019832526586
1005,0.0567361702203633
1006,0.048376570699560965
1007,0.05386218724434649
1008,0.10287849475438636
1009,0.1582815528312158
1010,0.0649589250060836
1011,0.06506136614305064
1012,0.26099694844739374
1013,0.04014274037477342
1014,0.1208582160833359
1015,0.11432648895108054
1016,0.07952163466665067
1017,0.044111128351057516
1018,0.16106478634307617
1019,0.09605651077632918
1020,0.05295433936052771
1021,0.04656927912810783
1022,0.04128677932241119
1023,0.061368182550431506
1024,0.05168819462663121
1025,0.06271666419430422
1026,0.07723243549192237
1027,0.0823214222329875
1028,0.058164529323832335
1029,0.041172827808003645
1030,0.08039571884768766
1031,0.06353201212455362
1032,0.16339477240258868
1033,0.07871564352912407
1034,0.06718584595195803
1035,0.07479641915563429
1036,0.142357293133689
1037,0.06312242175470065
1038,0.08400925722374
1039,0.20557311111651064
1040,0.0707289390014449
1041,0.05294912624510819
1042,0.04919068016872856
1043,0.04826458987775808
1044,0.08304916944279561
1045,0.044643638687919845
1046,0.09776475310465634
1047,0.08827955291550699
1048,0.04222596746474759
1049,0.06636346788781403
1050,0.06436635742107485
1051,0.06225550412757018
1052,0.10172091201922795
1053,0.1140379041507662
1054,0.07493653891094423
1055,0.11926707999152526
1056,0.04302048627745286
1057,0.08945114226554396
1058,0.041429262380957226
1059,0.039952741680569906
1060,0.05164191225481925
1061,0.04450291967518956
1062,0.08570990952537812
1063,0.17491609729038995
1064,0.08059846479693758
1065,0.047491309088633735
1066,0.11328445052583896
1067,0.08292865938321706
1068,0.0599967190485675
1069,0.040699561439888475
1070,0.14830792039808863
1071,0.21279186419626744
1072,0.17475103162597697
1073,0.034235357917365136
1074,0.044342425784953954
1075,0.13259149452420485
1076,0.04433258833387814
1077,0.059589042287441746
1078,0.04537583603203484
1079,0.0984675615038341
1080,0.04831722645796255
1081,0.05643121409418776
1082,0.20494104649475273
1083,0.12237771136760876
1084,0.05394202155410103
1085,0.05132872703127746
1086,0.186432503117046
1087,0.16300671940256986
1088,0.06691630338747744
1089,0.04818549329852513
1090,0.1245181007278489
1091,0.03832929405398403
1092,0.10476074243689655
1093,0.1379432898020512
1094,0.08258767992424704
1095,0.03941231857350054
1096,0.03148420284147474
1097,0.04845393612183519
1098,0.0789197365594469
1099,0.13902864743624807
1100,0.053814626023596254
1101,0.13643727256123336
1102,0.03918441678283242
1103,0.05914053375950456
1104,0.06559771650922515
1105,0.07406928099700477
1106,0.06492194909710278
1107,0.06246407081574494
1108,0.12875036675500562
1109,0.10235510643092456
1110,0.07314769749766623
1111,0.13440831191531827
1112,0.0420986797625233
1113,0.13104734878151367
1114,0.10417300203262082
1115,0.06792284174614391
1116,0.10536271849379271
1117,0.1576695003647042
1118,0.11824772043093781
1119,0.12692793819465947
1120,0.08003896701052939
1121,0.10661381881380057
1122,0.11127037109911954
1123,0.06369991495833921
1124,0.10541922976894258
1125,0.07328303596333222
1126,0.05267640086903659
1127,0.03968080058579296
1128,0.05980284261763713
1129,0.05756182276337183
1130,0.03609254759540265
1131,0.1787807528707734
1132,0.05227032471155759
1133,0.06672322731431975
1134,0.05474998387203209
1135,0.16341040465333118
1136,0.09441047611071673
1137,0.07742908820969163
1138,0.1292074865134708
1139,0.055197107212933944
1140,0.05914917883033201
1141,0.04677012415038941
1142,0.053130421046419726
1143,0.06598165104259553
1144,0.04337935762345963
1145,0.09407837127833882
1146,0.05478999040812018
1147,0.29323217968189225
1148,0.1229458401006828
1149,0.04393254266581966
1150,0.0712415421921447
1151,0.04391081761006347
1152,0.05527251522026852
1153,0.049414557561029526
1154,0.06808370711265394
1155,0.05239920446702552
1156,0.06514581686857036
1157,0.046635985890623725
1158,0.048569665907078625
1159,0.05320086657064869
1160,0.06926453096479608
1161,0.07277222033573952
1162,0.03689269994661737
1163,0.04915788701894754
1164,0.08455027055201834
1165,0.10786324902244868
1166,0.08205859799827786
1167,0.06592897701756593
1168,0.0801861383531479
1169,0.05738584694676002
1170,0.07574562144643673
1171,0.07539626591783438
1172,0.04478437358415938
1173,0.10151596363279938
1174,0.045868884933946155
1175,0.03252042428855726
1176,0.05514388030406807
1177,0.04593865086501129
1178,0.04132673151076608
1179,0.21075751006017462
1180,0.09935450563193031
1181,0.1102349064850561
1182,0.04844876851543774
1183,0.04910672301591216
1184,0.12430683766482035
1185,0.05563915840064829
1186,0.12388442576891347
1187,0.07410194080155087
1188,0.034384516915924375
1189,0.07563209662520815
1190,0.06505026298039568
1191,0.04320382047770084
1192,0.10970719129147413
1193,0.03830426904798442
1194,0.05752031252692359
1195,0.03783237150060549
1196,0.11315167675583669
1197,0.08367209712905276
1198,0.038971789077813256
1199,0.10843373584231601
1200,0.20777665830007697
1201,0.050864034170734186
1202,0.15203999669787546
1203,0.1731034657405956
1204,0.22121693323016664
1205,0.0812816408808019
1206,0.07812759907185071
1207,0.04417829121970554
1208,0.04002734799682313
1209,0.04788481343836928
1210,0.09402851596503921
1211,0.041597844731671954
1212,0.06924014933095499
1213,0.09382798011245028
1214,0.051310986467365705
1215,0.17554695154542804
1216,0.07164678128002977
1217,0.08027444767503111
1218,0.06998213277218333
1219,0.04254410386558499
1220,0.08537470540092695
1221,0.17616281291891123
1222,0.14554930565187024
1223,0.06547717752372247
1224,0.05976716056340528
1225,0.07678980887347323
1226,0.05892370945751039
1227,0.08584379667084205
1228,0.05402790857060447
1229,0.05857846195726376
1230,0.14631957666387502
1231,0.06996080736146827
1232,0.07865093558540565
1233,0.056720690096487135
1234,0.04690891379028863
1235,0.05781954241965908
1236,0.07463304408749068
1237,0.0716777695624249
1238,0.05454937847956906
1239,0.04672468627578183
1240,0.04594389017821015
1241,0.03529436698010269
1242,0.12643137049581202
1243,0.056518942212596165
1244,0.06475839234357722
1245,0.03951930063392979
1246,0.07828439233543262
1247,0.05136506856594158
1248,0.08981877159816003
1249,0.03161607851635222
1250,0.07614810140730102
1251,0.06908429199794942
1252,0.04997621020004407
1253,0.22620873837775862
1254,0.05795933012306348
1255,0.2369510870536438
1256,0.09687216731567733
1257,0.09480311838205208
1258,0.05609114215676264
1259,0.09175700367889424
1260,0.05402852154747299
1261,0.054361220034931775
1262,0.055789526712422176
1263,0.05630134420655163
1264,0.06956104877437423
1265,0.057564662662071754
1266,0.053220178357007916
1267,0.10927784551495606
1268,0.043098128470338545
1269,0.06708406987638547
1270,0.04584167247814628
1271,0.16171864795660543
1272,0.06277106353212941
1273,0.050694263994350765
1274,0.06386840435708911
1275,0.05254071771377997
1276,0.17019027851731203
1277,0.05276679600744349
1278,0.06115718134394084
1279,0.06130683999196012
1280,0.0477804542904244
1281,0.05192619746657175
1282,0.037167094143601184
1283,0.05775432046529093
1284,0.16276475533013943
1285,0.1365023370412937
1286,0.04569745034468768
1287,0.06553757748598073
1288,0.03494505164935443
1289,0.2178710883095596
1290,0.057744051028484955
1291,0.07231043792321339
1292,0.04373389829392767
1293,0.09934118203006595
1294,0.04342237395067833
1295,0.12685038594670117
1296,0.13386793593079754
1297,0.08975459891063552
1298,0.20067855795617853
1299,0.18965673659568952
1300,0.06436092919642829
1301,0.2742513393326734
1302,0.08887073207900735
1303,0.04684994949208564
1304,0.1230368450697167
1305,0.10230981792196009
1306,0.1141793300482889
1307,0.05648766363413587
1308,0.07072437821525945
1309,0.0941845926711277
1310,0.11984275988952195
1311,0.03210434985217524
1312,0.0673077188978907
1313,0.05291652459967394
1314,0.049095105473770044
1315,0.09350435296188243
1316,0.03971672534992072
1317,0.05650567924608817
1318,0.06988291183282418
1319,0.054108414286965306
1320,0.11268150009013461
1321,0.07253238605640752
1322,0.10336952872105852
1323,0.115484068801312
1324,0.07301868139085593
1325,0.07285724644793971
1326,0.15723953301819615
1327,0.07689383360392811
1328,0.06615753424459936
1329,0.12217816295129667
1330,0.06268419058137173
1331,0.034151534692653564
1332,0.0473712308735745
1333,0.0699710399793564
1334,0.12754187913597634
1335,0.07594761574848843
1336,0.09241542681980144
1337,0.07675182738528284
1338,0.058516421684139557
1339,0.09027603530566453
1340,0.0668914376736453
1341,0.17610296479367682
1342,0.08665011960927244
1343,0.05882535984344635
1344,0.048700590762264004
1345,0.04531984862261892
1346,0.11089848333950937
1347,0.05491712587532673
1348,0.05081395373030711
1349,0.08306592478138804
1350,0.042324576586733345
1351,0.05922941885340103
1352,0.0471354815058487
1353,0.04794666641364515
1354,0.07436884273136264
1355,0.05362914434179072
1356,0.07558974790271879
1357,0.07913752136003123
1358,0.04502964117884847
1359,0.08143015962525103
1360,0.062235507734635404
1361,0.042792625242680876
1362,0.0450904468116329
1363,0.04460512049709066
1364,0.08653223497881045
1365,0.05819311081294822
1366,0.03968237704620109
1367,0.07247316537460317
1368,0.14832483018368964
1369,0.0392620776789786
1370,0.0674922051042554
1371,0.10759481744441342
1372,0.0499443660509375
1373,0.09483623570316888
1374,0.029834716439523987
1375,0.04534787698314015
1376,0.20483834871649695
1377,0.06772671082615025
1378,0.03862533141225441
1379,0.0629470496447978
1380,0.05855423668573383
1381,0.05341752450513374
1382,0.04705056945719903
1383,0.0823369250920647
1384,0.05220994707036268
1385,0.1610351214798309
1386,0.05766190944819676
1387,0.14672498097618933
1388,0.27513034693042626
1389,0.08552952645500309
1390,0.040455940485084725
1391,0.12606399852266661
1392,0.07477668372659696
1393,0.10151531398161877
1394,0.18064259634939892
1395,0.055727719429965385
1396,0.09805848254633592
1397,0.04630493692093625
1398,0.05360333807913907
1399,0.03704017001044409
1400,0.2116398377788335
1401,0.04199884519987006
1402,0.07490859331000745
1403,0.06149350946780211
1404,0.1967404924542758
1405,0.042394169091943504
1406,0.052661375375446615
1407,0.07874741765125466
1408,0.06418664244965651
1409,0.13436909993482696
1410,0.09385651253354023
1411,0.06382600075669638
1412,0.13591392016697093
1413,0.05091354145092581
1414,0.04768083047015052
1415,0.05784930927310225
1416,0.06695268857996378
1417,0.046049742838268286
1418,0.12267772969299641
1419,0.11751553859606516
1420,0.08097275267389915
1421,0.12594778949851626
1422,0.192270186313361
1423,0.07769718809519663
1424,0.051874961195963756
1425,0.056577557619022216
1426,0.08538392498293376
1427,0.1459377962280569
1428,0.07945217077741065
1429,0.0608003176192424
1430,0.1199749963089946
1431,0.08079708715911806
1432,0.05790904759654021
1433,0.1188927599752239
1434,0.058583920204175424
1435,0.0525600273221378
1436,0.13226136341704306
1437,0.04629641389355479
1438,0.063339183624157
1439,0.052293851187968414
1440,0.06310703579403473
1441,0.19409205268136806
1442,0.08652079338023619
1443,0.09054011509028169
1444,0.13414466656322097
1445,0.0590609675818246
1446,0.1130178039831892
1447,0.06178840594934711
1448,0.043864594395977986
1449,0.05972035056469667
1450,0.04887292438046416
1451,0.134145993020234
1452,0.06651158375443755
1453,0.10030538275223488
1454,0.054490122810551996
1455,0.06302427010630851
1456,0.06458816918354282
1457,0.06761728851118978
1458,0.052981972393341126
1459,0.10849854757367822
1460,0.1313257250807802
1461,0.060200446355705116
1462,0.06301658835866125
1463,0.04984211864093747
1464,0.05012686478760242
1465,0.1293180869222102
1466,0.04677899309404828
1467,0.04987994195963182
1468,0.0791951823991305
1469,0.04671303457412687
1470,0.06944899709169036
1471,0.060603292120097095
1472,0.04201852224081216
1473,0.0446705949649846
1474,0.09498124559626722
1475,0.11255658344378891
1476,0.059225799633294905
1477,0.05975161426803199
1478,0.05005059058637013
1479,0.06117440048870013
1480,0.05947720463348527
1481,0.052439987378996876
1482,0.04489512013063419
1483,0.06767936818313068
1484,0.0562853815553395
1485,0.1662561598794756
1486,0.1574065716027496
1487,0.06177040087361317
1488,0.05044485535938701
1489,0.07036634965082061
1490,0.04542395788608634
1491,0.03690595394913347
1492,0.20496172749780836
1493,0.08148463541307478
1494,0.052945169874212605
1495,0.04581436393300175
1496,0.09277057425244306
1497,0.1629141248309812
1498,0.1370746402723589
1499,0.04157080226824682
1500,0.13093826551721177
1501,0.059561088700940124
1502,0.05156430663314406
1503,0.050350956918860136
1504,0.08004243279010746
1505,0.05414737416611232
1506,0.09464933544889703
1507,0.0889133724395046
1508,0.08352695566421732
1509,0.07196574143143183
1510,0.05315562146794123
1511,0.09928772654606619
1512,0.0514523381488644
1513,0.09750372008011451
1514,0.054242820525294215
1515,0.17749502481123963
1516,0.08159836388810865
1517,0.1524779709885858
1518,0.06193382358019632
1519,0.052698391086415004
1520,0.12626972060361125
1521,0.09761655798930141
1522,0.15506698280549291
1523,0.08408074618465129
1524,0.05823002955769296
1525,0.06344419667545194
1526,0.12709705091881948
1527,0.0648206773182772
1528,0.05045383683572032
1529,0.057038513891731604
1530,0.13468110871933467
1531,0.05550464205959058
1532,0.05517145191003191
1533,0.046364988158101424
1534,0.10457690383712342
1535,0.0636689389841316
